Workbook

Sheet All Tables
B1: Qwen 2.5 Scoring Frequencies | F1: Llama 3.2 Frequencies | J1: Gemma 4 Frequencies | W1: Qwen 2.5 Running Times | Z1: Llama 3.2 Running Times | AC1: Gemma 4 Running Times
B2: Threshold | C2: Range | D2: Frequencies | E2: Average Running Time | F2: Threshold | G2: Range | H2: Frequencies | I2: Average Running Time | J2: Threshold | K2: Range | L2: Frequencies | M2: Average Running Time | W2: Average: | X2: =AVERAGE(qwen2FinalScores[execTime]) -> 6.4959848 | Z2: Average: | AA2: =AVERAGE(llama3FinalScores[execTime]) -> 6.5168926 | AC2: Average: | AD2: =AVERAGE(gemma4FinalScores!D2:D2001) -> 30.800196
B3: 0-9 | C3: 9 | D3: {=FREQUENCY(VALUE(qwen2FinalScores[finalScore]), VALUE(C3:C11))} -> 24 | E3: =AVERAGEIF(qwen2FinalScores[finalScore], "<= 9", qwen2FinalScores[execTime]) -> 12.864639 | F3: 0-9 | G3: 9 | H3: {=FREQUENCY(VALUE(llama3FinalScores[finalScore]), VALUE(G3:G11))} -> 97 | I3: =AVERAGEIF(llama3FinalScores[finalScore], "<= 9", llama3FinalScores[execTime]) -> 8.5977946 | J3: 0-9 | K3: 9 | L3: {=FREQUENCY(VALUE(gemma4FinalScores[finalScore]), VALUE(K3:K11))} -> 431 | M3: =AVERAGEIF(gemma4FinalScores[finalScore], "< 10", gemma4FinalScores!D2:D2001) -> 32.57261 | W3: Qwen 2.5 Scoring Average | Z3: Llama 3.2 Scoring Average | AC3: Gemma 4 Scoring Average
B4: 10-19 | C4: 19 | D4: 211 | E4: =AVERAGEIFS(qwen2FinalScores[execTime], qwen2FinalScores[finalScore], ">= 10", qwen2FinalScores[finalScore], "< 20") -> 4.2619068 | F4: 10-19 | G4: 19 | H4: 98 | I4: =AVERAGEIFS(llama3FinalScores[execTime], llama3FinalScores[finalScore], ">= 10", llama3FinalScores[finalScore], "< 20") -> 6.4014283 | J4: 10-19 | K4: 19 | L4: 49 | M4: =AVERAGEIFS(gemma4FinalScores!D2:D2001, qwen2FinalScores[finalScore], ">= 10", qwen2FinalScores[finalScore], "< 20") -> 28.705429 | W4: Average: | X4: =AVERAGE(qwen2FinalScores[finalScore]) -> 58.575 | Z4: Average: | AA4: =AVERAGE(llama3FinalScores[finalScore]) -> 69.174 | AC4: Average: | AD4: =AVERAGE(gemma4FinalScores[finalScore]) -> 70.0005
B5: 20-29 | C5: 29 | D5: 257 | E5: =AVERAGEIFS(qwen2FinalScores[execTime], qwen2FinalScores[finalScore], ">= 20", qwen2FinalScores[finalScore], "< 30") -> 4.5897046 | F5: 20-29 | G5: 29 | H5: 102 | I5: =AVERAGEIFS(llama3FinalScores[execTime], llama3FinalScores[finalScore], ">= 20", llama3FinalScores[finalScore], "< 30") -> 9.2428334 | J5: 20-29 | K5: 29 | L5: 43 | M5: =AVERAGEIFS(gemma4FinalScores!D2:D2001, qwen2FinalScores[finalScore], ">= 20", qwen2FinalScores[finalScore], "< 30") -> 28.928513
B6: 30-39 | C6: 39 | D6: 272 | E6: =AVERAGEIFS(qwen2FinalScores[execTime], qwen2FinalScores[finalScore], ">= 30", qwen2FinalScores[finalScore], "< 40") -> 4.8717311 | F6: 30-39 | G6: 39 | H6: 120 | I6: =AVERAGEIFS(llama3FinalScores[execTime], llama3FinalScores[finalScore], ">= 30", llama3FinalScores[finalScore], "< 40") -> 6.3557063 | J6: 30-39 | K6: 39 | L6: 40 | M6: =AVERAGEIFS(gemma4FinalScores!D2:D2001, qwen2FinalScores[finalScore], ">= 30", qwen2FinalScores[finalScore], "< 40") -> 29.724607
B7: 40-49 | C7: 49 | D7: 185 | E7: =AVERAGEIFS(qwen2FinalScores[execTime], qwen2FinalScores[finalScore], ">= 40", qwen2FinalScores[finalScore], "< 50") -> 6.1010057 | F7: 40-49 | G7: 49 | H7: 116 | I7: =AVERAGEIFS(llama3FinalScores[execTime], llama3FinalScores[finalScore], ">= 40", llama3FinalScores[finalScore], "< 50") -> 6.2257544 | J7: 40-49 | K7: 49 | L7: 31 | M7: =AVERAGEIFS(gemma4FinalScores!D2:D2001, qwen2FinalScores[finalScore], ">= 40", qwen2FinalScores[finalScore], "< 50") -> 30.189385
B8: 50-59 | C8: 59 | D8: 74 | E8: =AVERAGEIFS(qwen2FinalScores[execTime], qwen2FinalScores[finalScore], ">= 50", qwen2FinalScores[finalScore], "< 60") -> 6.1681573 | F8: 50-59 | G8: 59 | H8: 29 | I8: =AVERAGEIFS(llama3FinalScores[execTime], llama3FinalScores[finalScore], ">= 50", llama3FinalScores[finalScore], "< 60") -> 5.6787824 | J8: 50-59 | K8: 59 | L8: 23 | M8: =AVERAGEIFS(gemma4FinalScores!D2:D2001, qwen2FinalScores[finalScore], ">= 50", qwen2FinalScores[finalScore], "< 60") -> 26.790873
B9: 60-69 | C9: 69 | D9: 43 | E9: =AVERAGEIFS(qwen2FinalScores[execTime], qwen2FinalScores[finalScore], ">= 60", qwen2FinalScores[finalScore], "< 70") -> 6.2593348 | F9: 60-69 | G9: 69 | H9: 50 | I9: =AVERAGEIFS(llama3FinalScores[execTime], llama3FinalScores[finalScore], ">= 60", llama3FinalScores[finalScore], "< 70") -> 5.5219961 | J9: 60-69 | K9: 69 | L9: 32 | M9: =AVERAGEIFS(gemma4FinalScores!D2:D2001, qwen2FinalScores[finalScore], ">= 60", qwen2FinalScores[finalScore], "< 70") -> 26.930133
B10: 70-79 | C10: 79 | D10: 180 | E10: =AVERAGEIFS(qwen2FinalScores[execTime], qwen2FinalScores[finalScore], ">= 70", qwen2FinalScores[finalScore], "< 80") -> 8.3841402 | F10: 70-79 | G10: 79 | H10: 177 | I10: =AVERAGEIFS(llama3FinalScores[execTime], llama3FinalScores[finalScore], ">= 70", llama3FinalScores[finalScore], "< 80") -> 4.9644957 | J10: 70-79 | K10: 79 | L10: 58 | M10: =AVERAGEIFS(gemma4FinalScores!D2:D2001, qwen2FinalScores[finalScore], ">= 70", qwen2FinalScores[finalScore], "< 80") -> 42.422186
B11: 80-89 | C11: 89 | D11: 196 | E11: =AVERAGEIFS(qwen2FinalScores[execTime], qwen2FinalScores[finalScore], ">= 80", qwen2FinalScores[finalScore], "< 90") -> 8.4310721 | F11: 80-89 | G11: 89 | H11: 714 | I11: =AVERAGEIFS(llama3FinalScores[execTime], llama3FinalScores[finalScore], ">= 80", llama3FinalScores[finalScore], "< 90") -> 6.0702091 | J11: 80-89 | K11: 89 | L11: 28 | M11: =AVERAGEIFS(gemma4FinalScores!D2:D2001, qwen2FinalScores[finalScore], ">= 80", qwen2FinalScores[finalScore], "< 90") -> 27.821151
B12: 90-100 | C12: 90 | D12: 558 | E12: =AVERAGEIF(qwen2FinalScores[finalScore], ">= 90", qwen2FinalScores[execTime]) -> 7.6404562 | F12: 90-100 | G12: 90 | H12: 497 | I12: =AVERAGEIF(llama3FinalScores[finalScore], ">= 90", llama3FinalScores[execTime]) -> 7.0245239 | J12: 90-100 | K12: 90 | L12: 1265 | M12: =AVERAGEIF(gemma4FinalScores[finalScore], ">= 90", gemma4FinalScores!D2:D2001) -> 30.646221
B18: Qwen 2.5 Scoring Frequencies | E18: Llama 3.2 Frequencies | H18: Gemma 4 Frequencies | L18: Qwen 2.5 | N18: Llama 3.2 | P18: Gemma 4
B19: Threshold | C19: Range | D19: Frequencies | E19: Threshold | F19: Range | G19: Frequencies | H19: Threshold | I19: Range | J19: Frequencies | L19: Average Accuracy | M19: Running Time | N19: Average Accuracy | O19: Running Time | P19: Average Accuracy | Q19: Running Time
B20: 0-5 | C20: 5 | D20: {=FREQUENCY(VALUE(qwen2FinalScores[finalScore]), VALUE(C20:C38))} -> 21 | E20: 0-5 | F20: 5 | G20: {=FREQUENCY(VALUE(llama3FinalScores[finalScore]), VALUE(F20:F38))} -> 90 | H20: 0-5 | I20: 5 | J20: {=FREQUENCY(VALUE(gemma4FinalScores[finalScore]), VALUE(I20:I38))} -> 427 | L20: =AVERAGE(qwen2FinalScores[finalScore]) -> 58.575 | M20: =AVERAGE(qwen2FinalScores[execTime]) -> 6.4959848 | N20: =AVERAGE(llama3FinalScores[finalScore]) -> 69.174 | O20: =AVERAGE(llama3FinalScores[execTime]) -> 6.5168926 | P20: =AVERAGE(gemma4FinalScores[finalScore]) -> 70.0005 | Q20: =AVERAGE(gemma4FinalScores!D2:D2001) -> 30.800196
B21: 6-10 | C21: 10 | D21: 37 | E21: 6-10 | F21: 10 | G21: 22 | H21: 6-10 | I21: 10 | J21: 23
B22: 11-15 | C22: 15 | D22: 105 | E22: 11-15 | F22: 15 | G22: 67 | H22: 11-15 | I22: 15 | J22: 30
B23: 16-20 | C23: 20 | D23: 152 | E23: 16-20 | F23: 20 | G23: 59 | H23: 16-20 | I23: 20 | J23: 32
B24: 21-25 | C24: 25 | D24: 107 | E24: 21-25 | F24: 25 | G24: 55 | H24: 21-25 | I24: 25 | J24: 10
B25: 26-30 | C25: 30 | D25: 206 | E25: 26-30 | F25: 30 | G25: 73 | H25: 26-30 | I25: 30 | J25: 25
B26: 31-35 | C26: 35 | D26: 14 | E26: 31-35 | F26: 35 | G26: 48 | H26: 31-35 | I26: 35 | J26: 16
B27: 36-40 | C27: 40 | D27: 169 | E27: 36-40 | F27: 40 | G27: 39 | H27: 36-40 | I27: 40 | J27: 24
B28: 41-45 | C28: 45 | D28: 19 | E28: 41-45 | F28: 45 | G28: 47 | H28: 41-45 | I28: 45 | J28: 7
B29: 46-50 | C29: 50 | D29: 149 | E29: 46-50 | F29: 50 | G29: 49 | H29: 46-50 | I29: 50 | J29: 19
B30: 51-55 | C30: 55 | D30: 10 | E30: 51-55 | F30: 55 | G30: 3 | H30: 51-55 | I30: 55 | J30: 3
B31: 56-60 | C31: 60 | D31: 55 | E31: 56-60 | F31: 60 | G31: 19 | H31: 56-60 | I31: 60 | J31: 23
B32: 61-65 | C32: 65 | D32: 9 | E32: 61-65 | F32: 65 | G32: 19 | H32: 61-65 | I32: 65 | J32: 10
... B39: 96-100 | C39: 100 | D39: 488 | E39: 96-100 | F39: 100 | G39: 348 | H39: 96-100 | I39: 100 | J39: 1225

Sheet qwen2FinalScores
A1: llmModel | B1: iteration | C1: finalScore | D1: execTime | E1: programLang | F1: vulnType | G1: vulnSeverity
A2: qwen2.5:3b | B2: 0 | C2: 100 | D2: 8.8047512 | E2: C | F2: Bypass | G2: 6
A3: qwen2.5:3b | B3: 1 | C3: 100 | D3: 17.169964 | E3: C | F3: DoS Overflow +Info | G3: 6.4
A4: qwen2.5:3b | B4: 2 | C4: 75 | D4: 8.1851397 | E4: C | F4: DoS Overflow | G4: 5
A5: qwen2.5:3b | B5: 3 | C5: 30 | D5: 3.1729569 | E5: C | F5: DoS | G5: 4.3
A6: qwen2.5:3b | B6: 4 | C6: 21 | D6: 4.4220972 | E6: C | F6: DoS Exec Code Overflow Mem. Corr. | G6: 7.5
A7: qwen2.5:3b | B7: 5 | C7: 17 | D7: 3.92854 | E7: C | F7: DoS Overflow | G7: 4.3
A8: qwen2.5:3b | B8: 6 | C8: 23 | D8: 3.8095279 | E8: C | F8: DoS Overflow | G8: 4.3
A9: qwen2.5:3b | B9: 7 | C9: 100 | D9: 10.889456 | E9: C | F9: DoS | G9: 6.8
A10: qwen2.5:3b | B10: 8 | C10: 70 | D10: 2.8570457 | E10: C | F10: DoS | G10: 6.8
A11: qwen2.5:3b | B11: 9 | C11: 100 | D11: 10.307254 | E11: C | F11: DoS | G11: 6.8
A12: qwen2.5:3b | B12: 10 | C12: 89 | D12: 10.321041 | E12: C | F12: +Info | G12: 5
A13: qwen2.5:3b | B13: 11 | C13: 16 | D13: 6.2805133 | E13: C | F13: DoS | G13: 4.3
... A36: qwen2.5:3b | B36: 34 | C36: 70 | D36: 7.9207804 | E36: C | F36: Bypass | G36: 7.5
A37: qwen2.5:3b | B37: 35 | C37: 47 | D37: 5.025135 | E37: C | G37: 5
A38: qwen2.5:3b | B38: 36 | C38: 84 | D38: 13.586992 | E38: C | G38: 5
A39: qwen2.5:3b | B39: 37 | C39: 70 | D39: 4.3369772 | E39: CPP | F39: DoS Exec Code Overflow Mem. Corr. | G39: 9.3
A40: qwen2.5:3b | B40: 38 | C40: 80 | D40: 8.3592975 | E40: CPP | F40: DoS Exec Code Overflow | G40: 6.8
A41: qwen2.5:3b | B41: 39 | C41: 100 | D41: 6.5633283 | E41: CPP | F41: DoS Exec Code Overflow | G41: 6.8
A42: qwen2.5:3b | B42: 40 | C42: 37 | D42: 2.8808198 | E42: CPP | F42: DoS Exec Code Overflow | G42: 6.8
A43: qwen2.5:3b | B43: 41 | C43: 37 | D43: 7.8058543 | E43: CPP | F43: DoS Exec Code Overflow | G43: 6.8
A44: qwen2.5:3b | B44: 42 | C44: 19 | D44: 8.4100766 | E44: CPP | F44: DoS Exec Code Overflow | G44: 6.8
A45: qwen2.5:3b | B45: 43 | C45: 100 | D45: 8.620434 | E45: CPP | F45: DoS Exec Code Overflow | G45: 6.8
A46: qwen2.5:3b | B46: 44 | C46: 100 | D46: 9.8068731 | E46: CPP | F46: DoS Exec Code Overflow | G46: 6.8
A47: qwen2.5:3b | B47: 45 | C47: 100 | D47: 3.9263909 | E47: CPP | F47: DoS Exec Code Overflow | G47: 6.8
A48: qwen2.5:3b | B48: 46 | C48: 24 | D48: 3.1220779 | E48: CPP | F48: DoS Exec Code Overflow | G48: 6.8
A49: qwen2.5:3b | B49: 47 | C49: 100 | D49: 3.9531586 | E49: CPP | F49: DoS Exec Code Overflow | G49: 6.8
A50: qwen2.5:3b | B50: 48 | C50: 27 | D50: 3.1811352 | E50: CPP | F50: DoS Exec Code Overflow | G50: 6.8
... A59: qwen2.5:3b | B59: 57 | C59: 70 | D59: 6.8573377 | E59: CPP | F59: DoS Exec Code Overflow | G59: 6.8
A60: qwen2.5:3b | B60: 58 | C60: 100 | D60: 5.2595174 | E60: CPP | G60: 6.8
A61: qwen2.5:3b | B61: 59 | C61: 100 | D61: 5.5029707 | E61: CPP | G61: 6.8
A62: qwen2.5:3b | B62: 60 | C62: 90 | D62: 4.4896467 | E62: C | F62: Overflow | G62: 7.5
A63: qwen2.5:3b | B63: 61 | C63: 17 | D63: 3.0334332 | E63: C | F63: Overflow | G63: 7.5
A64: qwen2.5:3b | B64: 62 | C64: 14 | D64: 2.8822598 | E64: C | F64: Overflow | G64: 5
A65: qwen2.5:3b | B65: 63 | C65: 100 | D65: 4.5128274 | E65: C | F65: Overflow | G65: 5
A66: qwen2.5:3b | B66: 64 | C66: 83 | D66: 16.430559 | E66: C | F66: Overflow | G66: 5
A67: qwen2.5:3b | B67: 65 | C67: 15 | D67: 3.1256864 | E67: C | F67: DoS | G67: 5
A68: qwen2.5:3b | B68: 66 | C68: 80 | D68: 3.0186777 | E68: C | F68: DoS | G68: 5
A69: qwen2.5:3b | B69: 67 | C69: 50 | D69: 3.3259525 | E69: C | F69: DoS | G69: 5
A70: qwen2.5:3b | B70: 68 | C70: 30 | D70: 3.3046052 | E70: C | F70: DoS | G70: 5
A71: qwen2.5:3b | B71: 69 | C71: 80 | D71: 3.1658974 | E71: C | F71: DoS | G71: 2.1
A72: qwen2.5:3b | B72: 70 | C72: 100 | D72: 14.093654 | E72: C | F72: Bypass | G72: 6.8
A73: qwen2.5:3b | B73: 71 | C73: 50 | D73: 5.6106756 | E73: C | F73: Bypass | G73: 6.8
... A75: qwen2.5:3b | B75: 73 | C75: 37 | D75: 6.3948736 | E75: C | F75: Bypass | G75: 6.8
A76: qwen2.5:3b | B76: 74 | C76: 67 | D76: 3.4831922 | E76: C | G76: 7.5
A77: qwen2.5:3b | B77: 75 | C77: 60 | D77: 4.6749542 | E77: C | F77: DoS | G77: 5
A78: qwen2.5:3b | B78: 76 | C78: 100 | D78: 3.9187994 | E78: C | F78: Bypass | G78: 7.5
A79: qwen2.5:3b | B79: 77 | C79: 20 | D79: 3.4269564 | E79: C | F79: Bypass | G79: 7.5
A80: qwen2.5:3b | B80: 78 | C80: 16 | D80: 2.9412043 | E80: C | F80: Bypass | G80: 7.5
A81: qwen2.5:3b | B81: 79 | C81: 100 | D81: 5.0355804 | E81: C | F81: Bypass | G81: 7.5
A82: qwen2.5:3b | B82: 80 | C82: 87 | D82: 5.0728459 | E82: C | F82: Bypass | G82: 7.5
A83: qwen2.5:3b | B83: 81 | C83: 80 | D83: 3.995656 | E83: C | F83: Bypass | G83: 7.5
A84: qwen2.5:3b | B84: 82 | C84: 100 | D84: 3.3917408 | E84: C | F84: Bypass | G84: 7.5
A85: qwen2.5:3b | B85: 83 | C85: 21 | D85: 3.5756166 | E85: C | F85: Exec Code | G85: 6.8
A86: qwen2.5:3b | B86: 84 | C86: 30 | D86: 3.1294036 | E86: CPP | F86: DoS | G86: 5
A87: qwen2.5:3b | B87: 85 | C87: 20 | D87: 3.6688006 | E87: CPP | F87: DoS | G87: 5
A88: qwen2.5:3b | B88: 86 | C88: 100 | D88: 11.319865 | E88: C | F88: Overflow | G88: 4.3
... A92: qwen2.5:3b | B92: 90 | C92: 16 | D92: 4.3924382 | E92: CPP | F92: DoS Exec Code Overflow | G92: 7.5
A93: qwen2.5:3b | B93: 91 | C93: 100 | D93: 5.0991628 | E93: C | G93: 4.4
A94: qwen2.5:3b | B94: 92 | C94: 0 | D94: 12.23863 | E94: C | G94: 4.4
A95: qwen2.5:3b | B95: 93 | C95: 70 | D95: 14.362728 | E95: C | G95: 4.4
A96: qwen2.5:3b | B96: 94 | C96: 90 | D96: 12.388637 | E96: C | F96: DoS Exec Code Overflow | G96: 7.5
A97: qwen2.5:3b | B97: 95 | C97: 100 | D97: 4.2319653 | E97: C | G97: 5.8
A98: qwen2.5:3b | B98: 96 | C98: 100 | D98: 4.2022283 | E98: C | G98: 5.8
A99: qwen2.5:3b | B99: 97 | C99: 100 | D99: 4.1283598 | E99: C | F99: DoS Overflow | G99: 5
A100: qwen2.5:3b | B100: 98 | C100: 57 | D100: 2.7236619 | E100: C | F100: DoS | G100: 1.2
A101: qwen2.5:3b | B101: 99 | C101: 70 | D101: 2.7993677 | E101: C | F101: DoS | G101: 5
A102: qwen2.5:3b | B102: 100 | C102: 40 | D102: 2.8230178 | E102: C | F102: DoS | G102: 5
A103: qwen2.5:3b | B103: 101 | C103: 89 | D103: 8.3103259 | E103: CPP | F103: DoS | G103: 5
A104: qwen2.5:3b | B104: 102 | C104: 70 | D104: 2.8985496 | E104: C | F104: Bypass | G104: 4.3
A105: qwen2.5:3b | B105: 103 | C105: 67 | D105: 6.0813239 | E105: C | F105: +Info | G105: 5
A106: qwen2.5:3b | B106: 104 | C106: 37 | D106: 4.4877269 | E106: C | F106: +Info | G106: 5
A107: qwen2.5:3b | B107: 105 | C107: 37 | D107: 4.0207391 | E107: C | F107: +Info | G107: 5
A108: qwen2.5:3b | B108: 106 | C108: 70 | D108: 3.7433207 | E108: C | F108: +Info | G108: 5
A109: qwen2.5:3b | B109: 107 | C109: 100 | D109: 5.44081 | E109: C | F109: +Info | G109: 5
A110: qwen2.5:3b | B110: 108 | C110: 100 | D110: 4.1290443 | E110: C | F110: +Info | G110: 5
... A112: qwen2.5:3b | B112: 110 | C112: 57 | D112: 3.2799115 | E112: C | F112: +Info | G112: 5
A113: qwen2.5:3b | B113: 111 | C113: 50 | D113: 2.990519 | E113: C | G113: 4.3
A114: qwen2.5:3b | B114: 112 | C114: 30 | D114: 4.1861215 | E114: C | G114: 4.3
A115: qwen2.5:3b | B115: 113 | C115: 10 | D115: 12.207776 | E115: C | G115: 4.3
A116: qwen2.5:3b | B116: 114 | C116: 50 | D116: 8.9642999 | E116: C | F116: DoS Overflow | G116: 6.4
A117: qwen2.5:3b | B117: 115 | C117: 20 | D117: 3.7177465 | E117: C | F117: DoS Overflow | G117: 6.4
A118: qwen2.5:3b | B118: 116 | C118: 100 | D118: 4.3447285 | E118: C | F118: DoS Overflow | G118: 6.4
A119: qwen2.5:3b | B119: 117 | C119: 100 | D119: 4.5092974 | E119: C | F119: DoS Overflow | G119: 6.4
A120: qwen2.5:3b | B120: 118 | C120: 81 | D120: 16.034832 | E120: C | F120: Bypass | G120: 6.8
A121: qwen2.5:3b | B121: 119 | C121: 100 | D121: 7.9512508 | E121: C | F121: Bypass | G121: 5
A122: qwen2.5:3b | B122: 120 | C122: 100 | D122: 7.7275989 | E122: C | G122: 9.3
A123: qwen2.5:3b | B123: 121 | C123: 100 | D123: 3.9748974 | E123: C | G123: 5.8
A124: qwen2.5:3b | B124: 122 | C124: 100 | D124: 2.8882964 | E124: C | F124: DoS +Info | G124: 4.6
A125: qwen2.5:3b | B125: 123 | C125: 87 | D125: 4.1069508 | E125: C | F125: Exec Code Bypass | G125: 9.3
A126: qwen2.5:3b | B126: 124 | C126: 100 | D126: 4.3063421 | E126: C | F126: Exec Code Bypass | G126: 9.3
A127: qwen2.5:3b | B127: 125 | C127: 16 | D127: 2.7352128 | E127: C | F127: +Info | G127: 2.1
A128: qwen2.5:3b | B128: 126 | C128: 100 | D128: 4.3576205 | E128: C | F128: Exec Code | G128: 6.8
A129: qwen2.5:3b | B129: 127 | C129: 21 | D129: 2.7739563 | E129: C | F129: Exec Code | G129: 6.8
A130: qwen2.5:3b | B130: 128 | C130: 30 | D130: 2.7479677 | E130: C | F130: Overflow | G130: 4.6
A131: qwen2.5:3b | B131: 129 | C131: 16 | D131: 4.4302995 | E131: C | F131: DoS | G131: 3.6
A132: qwen2.5:3b | B132: 130 | C132: 1 | D132: 14.899796 | E132: C | G132: 4.3
A133: qwen2.5:3b | B133: 131 | C133: 100 | D133: 12.529343 | E133: C | G133: 4.3
A134: qwen2.5:3b | B134: 132 | C134: 85 | D134: 15.695204 | E134: C | F134: DoS | G134: 4
A135: qwen2.5:3b | B135: 133 | C135: 90 | D135: 7.8501811 | E135: C | G135: 6.8
...

Sheet llama3FinalScores
A1: llmModel | B1: iteration | C1: finalScore | D1: execTime | E1: programLang | F1: vulnType | G1: vulnSeverity
A2: llama3.2:3b | B2: 0 | C2: 89 | D2: 5.8108811 | E2: C | F2: Bypass | G2: 6
A3: llama3.2:3b | B3: 1 | C3: 0 | D3: 16.738172 | E3: C | F3: DoS Overflow +Info | G3: 6.4
A4: llama3.2:3b | B4: 2 | C4: 48 | D4: 4.9473233 | E4: C | F4: DoS Overflow | G4: 5
A5: llama3.2:3b | B5: 3 | C5: 24 | D5: 2.9469457 | E5: C | F5: DoS | G5: 4.3
A6: llama3.2:3b | B6: 4 | C6: 83 | D6: 4.6149969 | E6: C | F6: DoS Exec Code Overflow Mem. Corr. | G6: 7.5
A7: llama3.2:3b | B7: 5 | C7: 47 | D7: 3.5920579 | E7: C | F7: DoS Overflow | G7: 4.3
A8: llama3.2:3b | B8: 6 | C8: 90 | D8: 3.4555478 | E8: C | F8: DoS Overflow | G8: 4.3
A9: llama3.2:3b | B9: 7 | C9: 33 | D9: 9.4163043 | E9: C | F9: DoS | G9: 6.8
A10: llama3.2:3b | B10: 8 | C10: 83 | D10: 3.186043 | E10: C | F10: DoS | G10: 6.8
A11: llama3.2:3b | B11: 9 | C11: 14 | D11: 6.4211681 | E11: C | F11: DoS | G11: 6.8
A12: llama3.2:3b | B12: 10 | C12: 83 | D12: 5.3175404 | E12: C | F12: +Info | G12: 5
A13: llama3.2:3b | B13: 11 | C13: 23 | D13: 5.7716374 | E13: C | F13: DoS | G13: 4.3
... A36: llama3.2:3b | B36: 34 | C36: 83 | D36: 7.7426388 | E36: C | F36: Bypass | G36: 7.5
A37: llama3.2:3b | B37: 35 | C37: 100 | D37: 11.721439 | E37: C | G37: 5
A38: llama3.2:3b | B38: 36 | C38: 85 | D38: 9.8105209 | E38: C | G38: 5
A39: llama3.2:3b | B39: 37 | C39: 89 | D39: 3.9843721 | E39: CPP | F39: DoS Exec Code Overflow Mem. Corr. | G39: 9.3
A40: llama3.2:3b | B40: 38 | C40: 50 | D40: 15.378109 | E40: CPP | F40: DoS Exec Code Overflow | G40: 6.8
A41: llama3.2:3b | B41: 39 | C41: 100 | D41: 6.3129947 | E41: CPP | F41: DoS Exec Code Overflow | G41: 6.8
A42: llama3.2:3b | B42: 40 | C42: 83 | D42: 2.747102 | E42: CPP | F42: DoS Exec Code Overflow | G42: 6.8
A43: llama3.2:3b | B43: 41 | C43: 100 | D43: 7.1814091 | E43: CPP | F43: DoS Exec Code Overflow | G43: 6.8
A44: llama3.2:3b | B44: 42 | C44: 83 | D44: 8.1388493 | E44: CPP | F44: DoS Exec Code Overflow | G44: 6.8
A45: llama3.2:3b | B45: 43 | C45: 70 | D45: 7.5656478 | E45: CPP | F45: DoS Exec Code Overflow | G45: 6.8
A46: llama3.2:3b | B46: 44 | C46: 88 | D46: 9.3233805 | E46: CPP | F46: DoS Exec Code Overflow | G46: 6.8
A47: llama3.2:3b | B47: 45 | C47: 87 | D47: 3.7389011 | E47: CPP | F47: DoS Exec Code Overflow | G47: 6.8
A48: llama3.2:3b | B48: 46 | C48: 95 | D48: 2.8472934 | E48: CPP | F48: DoS Exec Code Overflow | G48: 6.8
A49: llama3.2:3b | B49: 47 | C49: 89 | D49: 3.745815 | E49: CPP | F49: DoS Exec Code Overflow | G49: 6.8
A50: llama3.2:3b | B50: 48 | C50: 90 | D50: 2.7719662 | E50: CPP | F50: DoS Exec Code Overflow | G50: 6.8
... A59: llama3.2:3b | B59: 57 | C59: 81 | D59: 6.2242889 | E59: CPP | F59: DoS Exec Code Overflow | G59: 6.8
A60: llama3.2:3b | B60: 58 | C60: 80 | D60: 4.8384719 | E60: CPP | G60: 6.8
A61: llama3.2:3b | B61: 59 | C61: 12 | D61: 5.0150039 | E61: CPP | G61: 6.8
A62: llama3.2:3b | B62: 60 | C62: 80 | D62: 3.8679521 | E62: C | F62: Overflow | G62: 7.5
A63: llama3.2:3b | B63: 61 | C63: 72 | D63: 3.1703241 | E63: C | F63: Overflow | G63: 7.5
A64: llama3.2:3b | B64: 62 | C64: 80 | D64: 2.7149994 | E64: C | F64: Overflow | G64: 5
A65: llama3.2:3b | B65: 63 | C65: 83 | D65: 4.6621487 | E65: C | F65: Overflow | G65: 5
A66: llama3.2:3b | B66: 64 | C66: 89 | D66: 18.738507 | E66: C | F66: Overflow | G66: 5
A67: llama3.2:3b | B67: 65 | C67: 90 | D67: 3.6395357 | E67: C | F67: DoS | G67: 5
A68: llama3.2:3b | B68: 66 | C68: 85 | D68: 2.9548619 | E68: C | F68: DoS | G68: 5
A69: llama3.2:3b | B69: 67 | C69: 72 | D69: 3.2206454 | E69: C | F69: DoS | G69: 5
A70: llama3.2:3b | B70: 68 | C70: 80 | D70: 3.2555692 | E70: C | F70: DoS | G70: 5
A71: llama3.2:3b | B71: 69 | C71: 48 | D71: 3.1337869 | E71: C | F71: DoS | G71: 2.1
A72: llama3.2:3b | B72: 70 | C72: 85 | D72: 17.59016 | E72: C | F72: Bypass | G72: 6.8
A73: llama3.2:3b | B73: 71 | C73: 0 | D73: 4.8991873 | E73: C | F73: Bypass | G73: 6.8
... A75: llama3.2:3b | B75: 73 | C75: 87 | D75: 6.1301754 | E75: C | F75: Bypass | G75: 6.8
A76: llama3.2:3b | B76: 74 | C76: 85 | D76: 3.4716654 | E76: C | G76: 7.5
A77: llama3.2:3b | B77: 75 | C77: 80 | D77: 5.5356052 | E77: C | F77: DoS | G77: 5
A78: llama3.2:3b | B78: 76 | C78: 90 | D78: 3.5381999 | E78: C | F78: Bypass | G78: 7.5
A79: llama3.2:3b | B79: 77 | C79: 80 | D79: 3.2671847 | E79: C | F79: Bypass | G79: 7.5
A80: llama3.2:3b | B80: 78 | C80: 22 | D80: 2.8603926 | E80: C | F80: Bypass | G80: 7.5
A81: llama3.2:3b | B81: 79 | C81: 30 | D81: 4.6745136 | E81: C | F81: Bypass | G81: 7.5
A82: llama3.2:3b | B82: 80 | C82: 90 | D82: 5.3070157 | E82: C | F82: Bypass | G82: 7.5
A83: llama3.2:3b | B83: 81 | C83: 29 | D83: 3.6689038 | E83: C | F83: Bypass | G83: 7.5
A84: llama3.2:3b | B84: 82 | C84: 90 | D84: 2.817076 | E84: C | F84: Bypass | G84: 7.5
A85: llama3.2:3b | B85: 83 | C85: 83 | D85: 3.4116738 | E85: C | F85: Exec Code | G85: 6.8
A86: llama3.2:3b | B86: 84 | C86: 80 | D86: 2.8270071 | E86: CPP | F86: DoS | G86: 5
A87: llama3.2:3b | B87: 85 | C87: 72 | D87: 3.446753 | E87: CPP | F87: DoS | G87: 5
A88: llama3.2:3b | B88: 86 | C88: 42 | D88: 5.2905197 | E88: C | F88: Overflow | G88: 4.3
... A92: llama3.2:3b | B92: 90 | C92: 97 | D92: 4.326124 | E92: CPP | F92: DoS Exec Code Overflow | G92: 7.5
A93: llama3.2:3b | B93: 91 | C93: 87 | D93: 4.5323751 | E93: C | G93: 4.4
A94: llama3.2:3b | B94: 92 | C94: 43 | D94: 15.801872 | E94: C | G94: 4.4
A95: llama3.2:3b | B95: 93 | C95: 83 | D95: 15.183629 | E95: C | G95: 4.4
A96: llama3.2:3b | B96: 94 | C96: 37 | D96: 11.739168 | E96: C | F96: DoS Exec Code Overflow | G96: 7.5
A97: llama3.2:3b | B97: 95 | C97: 20 | D97: 4.3312452 | E97: C | G97: 5.8
A98: llama3.2:3b | B98: 96 | C98: 79 | D98: 3.9230721 | E98: C | G98: 5.8
A99: llama3.2:3b | B99: 97 | C99: 15 | D99: 3.9625955 | E99: C | F99: DoS Overflow | G99: 5
A100: llama3.2:3b | B100: 98 | C100: 85 | D100: 2.4390683 | E100: C | F100: DoS | G100: 1.2
A101: llama3.2:3b | B101: 99 | C101: 72 | D101: 2.7030513 | E101: C | F101: DoS | G101: 5
A102: llama3.2:3b | B102: 100 | C102: 30 | D102: 2.7067616 | E102: C | F102: DoS | G102: 5
A103: llama3.2:3b | B103: 101 | C103: 45 | D103: 6.8396792 | E103: CPP | F103: DoS | G103: 5
A104: llama3.2:3b | B104: 102 | C104: 80 | D104: 2.8026984 | E104: C | F104: Bypass | G104: 4.3
A105: llama3.2:3b | B105: 103 | C105: 97 | D105: 5.4634821 | E105: C | F105: +Info | G105: 5
A106: llama3.2:3b | B106: 104 | C106: 72 | D106: 4.2505674 | E106: C | F106: +Info | G106: 5
A107: llama3.2:3b | B107: 105 | C107: 98 | D107: 3.9406159 | E107: C | F107: +Info | G107: 5
A108: llama3.2:3b | B108: 106 | C108: 90 | D108: 3.7108486 | E108: C | F108: +Info | G108: 5
A109: llama3.2:3b | B109: 107 | C109: 30 | D109: 5.1650784 | E109: C | F109: +Info | G109: 5
A110: llama3.2:3b | B110: 108 | C110: 86 | D110: 3.6670651 | E110: C | F110: +Info | G110: 5
... A112: llama3.2:3b | B112: 110 | C112: 70 | D112: 3.0813758 | E112: C | F112: +Info | G112: 5
A113: llama3.2:3b | B113: 111 | C113: 87 | D113: 2.8798149 | E113: C | G113: 4.3
A114: llama3.2:3b | B114: 112 | C114: 86 | D114: 3.3592212 | E114: C | G114: 4.3
A115: llama3.2:3b | B115: 113 | C115: 89 | D115: 11.834185 | E115: C | G115: 4.3
A116: llama3.2:3b | B116: 114 | C116: 89 | D116: 8.6329939 | E116: C | F116: DoS Overflow | G116: 6.4
A117: llama3.2:3b | B117: 115 | C117: 90 | D117: 3.5325034 | E117: C | F117: DoS Overflow | G117: 6.4
A118: llama3.2:3b | B118: 116 | C118: 70 | D118: 3.8331678 | E118: C | F118: DoS Overflow | G118: 6.4
A119: llama3.2:3b | B119: 117 | C119: 83 | D119: 4.2156284 | E119: C | F119: DoS Overflow | G119: 6.4
A120: llama3.2:3b | B120: 118 | C120: 32 | D120: 18.026378 | E120: C | F120: Bypass | G120: 6.8
A121: llama3.2:3b | B121: 119 | C121: 100 | D121: 7.1002467 | E121: C | F121: Bypass | G121: 5
A122: llama3.2:3b | B122: 120 | C122: 87 | D122: 7.3171635 | E122: C | G122: 9.3
A123: llama3.2:3b | B123: 121 | C123: 30 | D123: 4.1286774 | E123: C | G123: 5.8
A124: llama3.2:3b | B124: 122 | C124: 20 | D124: 2.7631407 | E124: C | F124: DoS +Info | G124: 4.6
A125: llama3.2:3b | B125: 123 | C125: 88 | D125: 3.6801484 | E125: C | F125: Exec Code Bypass | G125: 9.3
A126: llama3.2:3b | B126: 124 | C126: 87 | D126: 4.1248732 | E126: C | F126: Exec Code Bypass | G126: 9.3
A127: llama3.2:3b | B127: 125 | C127: 10 | D127: 2.7160621 | E127: C | F127: +Info | G127: 2.1
A128: llama3.2:3b | B128: 126 | C128: 83 | D128: 4.1960557 | E128: C | F128: Exec Code | G128: 6.8
A129: llama3.2:3b | B129: 127 | C129: 30 | D129: 2.5850925 | E129: C | F129: Exec Code | G129: 6.8
A130: llama3.2:3b | B130: 128 | C130: 25 | D130: 2.6872344 | E130: C | F130: Overflow | G130: 4.6
A131: llama3.2:3b | B131: 129 | C131: 100 | D131: 4.2219808 | E131: C | F131: DoS | G131: 3.6
A132: llama3.2:3b | B132: 130 | C132: 0 | D132: 17.9607 | E132: C | G132: 4.3
A133: llama3.2:3b | B133: 131 | C133: 15 | D133: 12.818552 | E133: C | G133: 4.3
A134: llama3.2:3b | B134: 132 | C134: 32 | D134: 17.944024 | E134: C | F134: DoS | G134: 4
A135: llama3.2:3b | B135: 133 | C135: 100 | D135: 7.4081078 | E135: C | G135: 6.8
...

Sheet gemma4FinalScores
A1: llmModel | B1: iteration | C1: finalScore | D1: execTime | E1: programLang | F1: vulnType | G1: vulnSeverity
A2: gemma4:e2b | B2: 0 | C2: 0 | D2: 23.108793 | E2: C | F2: Bypass | G2: 6
A3: gemma4:e2b | B3: 1 | C3: 0 | D3: 25.796602 | E3: C | F3: DoS Overflow +Info | G3: 6.4
A4: gemma4:e2b | B4: 2 | C4: 100 | D4: 11.382298 | E4: C | F4: DoS Overflow | G4: 5
A5: gemma4:e2b | B5: 3 | C5: 0 | D5: 16.634317 | E5: C | F5: DoS | G5: 4.3
A6: gemma4:e2b | B6: 4 | C6: 25 | D6: 36.961521 | E6: C | F6: DoS Exec Code Overflow Mem. Corr. | G6: 7.5
A7: gemma4:e2b | B7: 5 | C7: 100 | D7: 32.36466 | E7: C | F7: DoS Overflow | G7: 4.3
A8: gemma4:e2b | B8: 6 | C8: 100 | D8: 25.489312 | E8: C | F8: DoS Overflow | G8: 4.3
A9: gemma4:e2b | B9: 7 | C9: 90 | D9: 31.676683 | E9: C | F9: DoS | G9: 6.8
A10: gemma4:e2b | B10: 8 | C10: 100 | D10: 27.369876 | E10: C | F10: DoS | G10: 6.8
A11: gemma4:e2b | B11: 9 | C11: 0 | D11: 14.070873 | E11: C | F11: DoS | G11: 6.8
A12: gemma4:e2b | B12: 10 | C12: 100 | D12: 12.780073 | E12: C | F12: +Info | G12: 5
A13: gemma4:e2b | B13: 11 | C13: 0 | D13: 30.408362 | E13: C | F13: DoS | G13: 4.3
... A36: gemma4:e2b | B36: 34 | C36: 93 | D36: 31.561929 | E36: C | F36: Bypass | G36: 7.5
A37: gemma4:e2b | B37: 35 | C37: 15 | D37: 29.72311 | E37: C | G37: 5
A38: gemma4:e2b | B38: 36 | C38: 100 | D38: 13.183797 | E38: C | G38: 5
A39: gemma4:e2b | B39: 37 | C39: 0 | D39: 41.470896 | E39: CPP | F39: DoS Exec Code Overflow Mem. Corr. | G39: 9.3
A40: gemma4:e2b | B40: 38 | C40: 100 | D40: 30.519728 | E40: CPP | F40: DoS Exec Code Overflow | G40: 6.8
A41: gemma4:e2b | B41: 39 | C41: 100 | D41: 43.590947 | E41: CPP | F41: DoS Exec Code Overflow | G41: 6.8
A42: gemma4:e2b | B42: 40 | C42: 100 | D42: 18.442781 | E42: CPP | F42: DoS Exec Code Overflow | G42: 6.8
A43: gemma4:e2b | B43: 41 | C43: 100 | D43: 31.097557 | E43: CPP | F43: DoS Exec Code Overflow | G43: 6.8
A44: gemma4:e2b | B44: 42 | C44: 55 | D44: 30.021306 | E44: CPP | F44: DoS Exec Code Overflow | G44: 6.8
A45: gemma4:e2b | B45: 43 | C45: 100 | D45: 29.869007 | E45: CPP | F45: DoS Exec Code Overflow | G45: 6.8
A46: gemma4:e2b | B46: 44 | C46: 100 | D46: 30.918865 | E46: CPP | F46: DoS Exec Code Overflow | G46: 6.8
A47: gemma4:e2b | B47: 45 | C47: 100 | D47: 35.450999 | E47: CPP | F47: DoS Exec Code Overflow | G47: 6.8
A48: gemma4:e2b | B48: 46 | C48: 100 | D48: 23.999194 | E48: CPP | F48: DoS Exec Code Overflow | G48: 6.8
A49: gemma4:e2b | B49: 47 | C49: 100 | D49: 40.507028 | E49: CPP | F49: DoS Exec Code Overflow | G49: 6.8
A50: gemma4:e2b | B50: 48 | C50: 60 | D50: 18.104428 | E50: CPP | F50: DoS Exec Code Overflow | G50: 6.8
... A59: gemma4:e2b | B59: 57 | C59: 100 | D59: 560.97176 | E59: CPP | F59: DoS Exec Code Overflow | G59: 6.8
A60: gemma4:e2b | B60: 58 | C60: 70 | D60: 27.588475 | E60: CPP | G60: 6.8
A61: gemma4:e2b | B61: 59 | C61: 100 | D61: 39.635565 | E61: CPP | G61: 6.8
A62: gemma4:e2b | B62: 60 | C62: 35 | D62: 32.224235 | E62: C | F62: Overflow | G62: 7.5
A63: gemma4:e2b | B63: 61 | C63: 20 | D63: 21.745071 | E63: C | F63: Overflow | G63: 7.5
A64: gemma4:e2b | B64: 62 | C64: 50 | D64: 14.852407 | E64: C | F64: Overflow | G64: 5
A65: gemma4:e2b | B65: 63 | C65: 96 | D65: 22.930022 | E65: C | F65: Overflow | G65: 5
A66: gemma4:e2b | B66: 64 | C66: 100 | D66: 32.747675 | E66: C | F66: Overflow | G66: 5
A67: gemma4:e2b | B67: 65 | C67: 50 | D67: 20.841614 | E67: C | F67: DoS | G67: 5
A68: gemma4:e2b | B68: 66 | C68: 0 | D68: 22.98392 | E68: C | F68: DoS | G68: 5
A69: gemma4:e2b | B69: 67 | C69: 100 | D69: 21.020496 | E69: C | F69: DoS | G69: 5
A70: gemma4:e2b | B70: 68 | C70: 100 | D70: 25.106867 | E70: C | F70: DoS | G70: 5
A71: gemma4:e2b | B71: 69 | C71: 0 | D71: 19.721163 | E71: C | F71: DoS | G71: 2.1
A72: gemma4:e2b | B72: 70 | C72: 100 | D72: 36.477757 | E72: C | F72: Bypass | G72: 6.8
A73: gemma4:e2b | B73: 71 | C73: 100 | D73: 27.709506 | E73: C | F73: Bypass | G73: 6.8
... A75: gemma4:e2b | B75: 73 | C75: 100 | D75: 34.519275 | E75: C | F75: Bypass | G75: 6.8
A76: gemma4:e2b | B76: 74 | C76: 100 | D76: 22.461122 | E76: C | G76: 7.5
A77: gemma4:e2b | B77: 75 | C77: 100 | D77: 33.870853 | E77: C | F77: DoS | G77: 5
A78: gemma4:e2b | B78: 76 | C78: 100 | D78: 34.056707 | E78: C | F78: Bypass | G78: 7.5
A79: gemma4:e2b | B79: 77 | C79: 100 | D79: 18.928173 | E79: C | F79: Bypass | G79: 7.5
A80: gemma4:e2b | B80: 78 | C80: 100 | D80: 18.003846 | E80: C | F80: Bypass | G80: 7.5
A81: gemma4:e2b | B81: 79 | C81: 100 | D81: 29.957919 | E81: C | F81: Bypass | G81: 7.5
A82: gemma4:e2b | B82: 80 | C82: 100 | D82: 30.473247 | E82: C | F82: Bypass | G82: 7.5
A83: gemma4:e2b | B83: 81 | C83: 90 | D83: 33.118933 | E83: C | F83: Bypass | G83: 7.5
A84: gemma4:e2b | B84: 82 | C84: 100 | D84: 19.293681 | E84: C | F84: Bypass | G84: 7.5
A85: gemma4:e2b | B85: 83 | C85: 0 | D85: 26.453551 | E85: C | F85: Exec Code | G85: 6.8
A86: gemma4:e2b | B86: 84 | C86: 100 | D86: 28.848495 | E86: CPP | F86: DoS | G86: 5
A87: gemma4:e2b | B87: 85 | C87: 100 | D87: 19.695249 | E87: CPP | F87: DoS | G87: 5
A88: gemma4:e2b | B88: 86 | C88: 100 | D88: 12.162581 | E88: C | F88: Overflow | G88: 4.3
... A92: gemma4:e2b | B92: 90 | C92: 100 | D92: 36.249382 | E92: CPP | F92: DoS Exec Code Overflow | G92: 7.5
A93: gemma4:e2b | B93: 91 | C93: 0 | D93: 28.502496 | E93: C | G93: 4.4
A94: gemma4:e2b | B94: 92 | C94: 100 | D94: 23.327823 | E94: C | G94: 4.4
A95: gemma4:e2b | B95: 93 | C95: 100 | D95: 26.038366 | E95: C | G95: 4.4
A96: gemma4:e2b | B96: 94 | C96: 95 | D96: 51.196577 | E96: C | F96: DoS Exec Code Overflow | G96: 7.5
A97: gemma4:e2b | B97: 95 | C97: 100 | D97: 36.576803 | E97: C | G97: 5.8
A98: gemma4:e2b | B98: 96 | C98: 100 | D98: 32.483393 | E98: C | G98: 5.8
A99: gemma4:e2b | B99: 97 | C99: 100 | D99: 25.295784 | E99: C | F99: DoS Overflow | G99: 5
A100: gemma4:e2b | B100: 98 | C100: 85 | D100: 22.467312 | E100: C | F100: DoS | G100: 1.2
A101: gemma4:e2b | B101: 99 | C101: 100 | D101: 16.490232 | E101: C | F101: DoS | G101: 5
A102: gemma4:e2b | B102: 100 | C102: 100 | D102: 13.138848 | E102: C | F102: DoS | G102: 5
A103: gemma4:e2b | B103: 101 | C103: 3 | D103: 12.088729 | E103: CPP | F103: DoS | G103: 5
A104: gemma4:e2b | B104: 102 | C104: 100 | D104: 15.863655 | E104: C | F104: Bypass | G104: 4.3
A105: gemma4:e2b | B105: 103 | C105: 100 | D105: 27.636793 | E105: C | F105: +Info | G105: 5
A106: gemma4:e2b | B106: 104 | C106: 100 | D106: 31.194572 | E106: C | F106: +Info | G106: 5
A107: gemma4:e2b | B107: 105 | C107: 100 | D107: 31.263248 | E107: C | F107: +Info | G107: 5
A108: gemma4:e2b | B108: 106 | C108: 100 | D108: 30.049159 | E108: C | F108: +Info | G108: 5
A109: gemma4:e2b | B109: 107 | C109: 0 | D109: 32.690623 | E109: C | F109: +Info | G109: 5
A110: gemma4:e2b | B110: 108 | C110: 100 | D110: 32.395844 | E110: C | F110: +Info | G110: 5
... A112: gemma4:e2b | B112: 110 | C112: 65 | D112: 18.571632 | E112: C | F112: +Info | G112: 5
A113: gemma4:e2b | B113: 111 | C113: 100 | D113: 24.437392 | E113: C | G113: 4.3
A114: gemma4:e2b | B114: 112 | C114: 100 | D114: 27.139266 | E114: C | G114: 4.3
A115: gemma4:e2b | B115: 113 | C115: 100 | D115: 30.419134 | E115: C | G115: 4.3
A116: gemma4:e2b | B116: 114 | C116: 95 | D116: 26.266054 | E116: C | F116: DoS Overflow | G116: 6.4
A117: gemma4:e2b | B117: 115 | C117: 100 | D117: 20.351373 | E117: C | F117: DoS Overflow | G117: 6.4
A118: gemma4:e2b | B118: 116 | C118: 25 | D118: 34.016736 | E118: C | F118: DoS Overflow | G118: 6.4
A119: gemma4:e2b | B119: 117 | C119: 100 | D119: 32.680544 | E119: C | F119: DoS Overflow | G119: 6.4
A120: gemma4:e2b | B120: 118 | C120: 100 | D120: 43.777167 | E120: C | F120: Bypass | G120: 6.8
A121: gemma4:e2b | B121: 119 | C121: 0 | D121: 28.532328 | E121: C | F121: Bypass | G121: 5
A122: gemma4:e2b | B122: 120 | C122: 100 | D122: 25.441508 | E122: C | G122: 9.3
A123: gemma4:e2b | B123: 121 | C123: 40 | D123: 31.821416 | E123: C | G123: 5.8
A124: gemma4:e2b | B124: 122 | C124: 100 | D124: 23.788352 | E124: C | F124: DoS +Info | G124: 4.6
A125: gemma4:e2b | B125: 123 | C125: 100 | D125: 25.690973 | E125: C | F125: Exec Code Bypass | G125: 9.3
A126: gemma4:e2b | B126: 124 | C126: 100 | D126: 29.406216 | E126: C | F126: Exec Code Bypass | G126: 9.3
A127: gemma4:e2b | B127: 125 | C127: 100 | D127: 21.900897 | E127: C | F127: +Info | G127: 2.1
A128: gemma4:e2b | B128: 126 | C128: 45 | D128: 30.331583 | E128: C | F128: Exec Code | G128: 6.8
A129: gemma4:e2b | B129: 127 | C129: 0 | D129: 23.203819 | E129: C | F129: Exec Code | G129: 6.8
A130: gemma4:e2b | B130: 128 | C130: 100 | D130: 22.387013 | E130: C | F130: Overflow | G130: 4.6
A131: gemma4:e2b | B131: 129 | C131: 100 | D131: 25.842439 | E131: C | F131: DoS | G131: 3.6
A132: gemma4:e2b | B132: 130 | C132: 100 | D132: 23.877796 | E132: C | G132: 4.3
A133: gemma4:e2b | B133: 131 | C133: 100 | D133: 30.251332 | E133: C | G133: 4.3
A134: gemma4:e2b | B134: 132 | C134: 100 | D134: 36.13748 | E134: C | F134: DoS | G134: 4
A135: gemma4:e2b | B135: 133 | C135: 80 | D135: 30.261989 | E135: C | G135: 6.8
...
